task_code,workflow,primary_skill,supporting_skills,execution_layer,source_of_truth,inputs,outputs,preconditions,verification
RESEARCH,literature evidence,nature-academic-search,literature-downloader;zotero-deduplicated-import,web/MCP/Zotero read-first,global capability index,question and inclusion criteria,evidence table and search log,source dates and reproducible query,source links DOI/PMID and dedup audit
RESEARCH,life-science evidence review,life-science-evidence-review,nature-academic-search;nature-citation,web/MCP plus structured local artifacts,global capability index,species and trait/topic; optional genes; research question; time range; target journals; output language,10-deliverable review package; evidence database; critical review; knowledge-gap matrix; research roadmap,biological scope defined; source access; no unverified citations; evidence database is the single synthesis source,prompt.md then workflow.md then output.md; DOI and original-link verification; database consistency; conclusion-to-source traceability
DEV,proportional engineering,avoid-overkill,diagnosing-bugs,PowerShell/Python/Git,global capability index,user contract; observed failure; existing implementation; acceptance signal,smallest coherent fix; explicit validation; no unrequested adjacent work,observed failure identified; scope and acceptance boundary frozen; required safety/data-loss gates preserved,inspect reuse; fix root cause; validate public behavior to observed risk; diff scope and stop check
RESEARCH,proportional academic writing,avoid-overkill,nature-citation,Windows files/Word/Quarto,global capability index,audience; strongest supported claim; evidence boundary; section purpose,claim-centered prose; experiment roles; concise limitation boundary; change summary,claims and citations already verified; contradictory evidence remains visible; target section defined,claim-to-evidence check; remove defensive/self-weakening framing; preserve scientific meaning and canonical terminology; line-level review then stop
RESEARCH,evidence-bound natural-science writing,evidence-bound-natural-science-writing,avoid-overkill;nature-citation,Windows files/Word/Quarto,global capability index,manuscript; study design; verified results; figures/tables; citation map; author lock,proportionality contract; evidence contract; candidate register; tracked/clean revision; claim-delta and regression report,defined design and results; verified numbers/citations; authorized sections,scope freeze and stop check; claim-to-evidence; design/unit; statistical uncertainty; measurement level; discordant evidence; figure/table/citation roles; no manuscript methods changes
DEV,proportionality control,avoid-overkill,diagnosing-bugs,PowerShell/Python/Git,global capability index,explicit proportionality request; task scope; acceptance signal,scope freeze and minimal-change plan,request is explicitly about overdesign or scope creep; mandatory requirements remain visible,minimum sufficient mechanism; no speculative layers; explicit stop check
DESIGN,editable scientific figure redraw,recreate-scientific-figure-in-drawio,nature-figure,Codex plugin MCP plus Windows draw.io desktop,global capability index,PNG/JPEG/SVG/PDF reference; figure semantics; desired canvas and export formats,editable .drawio source; review PNG; final PNG/SVG/PDF/JPG exports,plugin enabled; draw.io desktop callable; Node 22+; reference readable; no OS mouse/keyboard automation,launch live canvas; require graph_ready; draw editable primitives; inspect/refine; save snapshot; validate; export and report rasterized portions
RESEARCH,manuscript writing,nature-writing,nature-citation;nature-polishing,Windows files/Word/Quarto,global capability index,verified results and claims,manuscript and citation map,claim-to-source and numerical consistency
RESEARCH,manuscript humanization en,humanizer,nature-reviewer,Windows files/Word/Quarto,global capability index,stable English prose with verified claims and citations,humanized draft and change summary,explicit humanization request; claims and citations already stabilized,compare facts numbers names technical identifiers citations and run manuscript QC
RESEARCH,manuscript humanization zh,humanizer-zh,nature-reviewer,Windows files/Word/Quarto,global capability index,stable Chinese prose with verified claims and citations,humanized draft and change summary,explicit Chinese humanization request; claims and citations already stabilized,compare facts numbers terms citations and conclusion strength
RESEARCH,manuscript review,nature-reviewer,nature-response,Windows documents/PDF,global capability index,manuscript and reviewer comments,review report and response table,versioned manuscript,point-by-point coverage
BIO,gene variant database,uniprot-skill;clinvar-variation-skill;gnomad-graphql-skill,ensembl-skill;quickgo-skill,life-science API Skills,global capability index,gene/variant identifiers,structured evidence record,query and database date
BIO,public omics,ngs-analysis:ngs-analysis-router;life-science-research:research-router-skill,ngs-analysis:ngs-runtime-env;biostudies-arrayexpress-skill,WSL after repair or Windows fixture,global capability index,accession and metadata,QC and analysis plan,WSL health plus fixture QC
BIO,bulk RNA-seq,ngs-analysis:ngs-bulk-rnaseq,ngs-analysis:ngs-fastq-qc;ngs-analysis:ngs-bulk-rnaseq-differential-expression,WSL/R,global capability index,FASTQ/count matrix,QC DE results and figures,validated sample sheet,FastQC/MultiQC and effect estimates
BIO,scRNA-seq,ngs-analysis:scrna-seq-qc,ngs-analysis:ngs-runtime-env,WSL/R/Python,global capability index,matrix and metadata,QC annotation and plots,working WSL/runtime,fixture and marker sanity checks
DATA,structured data QC,data-analytics:validate-data,data-analytics:analyze-data-quality,Python/PowerShell,global capability index,CSV/XLSX/data dictionary,QC report and manifest,non-destructive read access,duplicates missingness units ranges
DATA,reproducible notebook,data-analytics:jupyter-notebooks,spreadsheets:Spreadsheets,Windows Python/Quarto,global capability index,source data and analysis plan,rendered notebook/report,environment snapshot,rerender and hash check
DOC,PDF/PPT/Word/PDF,pdf:pdf;documents:documents,presentations:Presentations;latex:latex-compile,Windows document runtimes,global capability index,source document and verified content,rendered artifact,parse/render/reopen check
DOC,artifact AI mark and metadata hygiene,remove-ai-marks,security-and-hardening,Windows HTTP service and local files,global capability index,authorized text or file,inspect report and cleaned copy,service health and capabilities; raw data immutable; authorized content only,inspect before clean; decode output; re-inspect when residual risk matters; report limits
DESIGN,research landing page anti-slop,design-taste-frontend,web-design-guidelines,Windows web files and browser preview,global capability index,brief repository assets and references,Design Read design guidance and preflight findings,landing or public research web surface; not dashboards tables or multi-step UI,responsive preview accessibility reduced-motion and copy/visual preflight
DEV,debug and security,diagnosing-bugs,security-and-hardening;code-review,PowerShell/Python/Git,global capability index,code and failure log,patch and verification report,isolated change,tests and diff review
SYSTEM,Windows/WSL routing,wsl-dispatch,context-mode:ctx-doctor,Windows existing bridge,global capability index,command and data path,execution log and status,WSL health gate,exit code and log
OPS,GitHub workflow,github:github,github:gh-fix-ci;github:gh-address-comments,GitHub CLI/MCP,global capability index,repo and issue/PR,review or CI result,auth only when needed,remote state readback
CRI,research workstation evolution,superpowers:verification-before-completion,superpowers:writing-plans;superpowers:systematic-debugging,local files and tests,global capability index,proposal and evaluation fixture,review/rollback record,protected-core gate and regression tests
