catalog_schema,domain,task_code,skill_id,trigger,primary_inputs,outputs,minimum_validation,source_index,status
v5,clinical-study,RESEARCH,nature-academic-search,"clinical question, evidence map","protocol; literature","verified sources; search log","query/date/source verification","outputs/tooling-capability-index.md",available
v5,clinical-study,DATA,validate-data,"validate clinical analysis","project.yaml; status.yaml; data/derived","QA report; limitations","units; denominators; calculations; provenance","outputs/tooling-capability-index.md",available
v5,qpcr-study,BIO,nature-data,"assay evidence and data availability","assay metadata; raw manifest","assay evidence map; availability statement","MIQE fields; source status; privacy","outputs/tooling-capability-index.md",available
v5,systematic-review-meta,RESEARCH,nature-academic-search,"systematic review or meta-analysis","protocol; search strategy; exports","screening log; verified citations","search traceability; deduplication; inclusion counts","outputs/tooling-capability-index.md",available
v5,life-science-evidence-review,RESEARCH,life-science-evidence-review,"life-science literature review; evidence synthesis; gene/pathway review; knowledge gaps","species; trait/topic; optional genes; time range; target journals; output language","project summary; literature library; evidence database; critical review; knowledge gaps; future research; quality control","verified DOI/links; deduplication; evidence traceability; database consistency","outputs/tooling-capability-index.md",available
v5,avoid-overkill,DEV/RESEARCH,avoid-overkill,"proportional coding; minimal fixes; scope control; claim-centered academic writing","user contract; observed failure or supported claim; acceptance signal; evidence boundary","minimal coherent change; proportional validation; claim-centered prose; stop check","diff scope; public behavior; required safety gates; claim-to-evidence consistency","outputs/tooling-capability-index.md",available
v5,evidence-bound-natural-science-writing,RESEARCH,evidence-bound-natural-science-writing,"natural-science manuscript defensive writing; claim ceiling; evidence boundary; overclaiming; manuscript regression","manuscript; study design; verified result tables/figures; citation map; author lock","proportionality contract; evidence contract; candidate register; tracked/clean revision; claim-delta regression report","scope freeze and stop check; design/unit; effect and uncertainty; measurement level; citation/figure role; discordant evidence; no methods change","outputs/tooling-capability-index.md",available
v5,scientific-figure-drawio,DESIGN,recreate-scientific-figure-in-drawio,"scientific figure redraw; editable draw.io source; AI-generated figure reconstruction","PNG/JPEG/SVG/PDF reference; figure semantics; canvas and export requirements","editable .drawio source; review PNG; final image/PDF exports","draw.io graph_ready; editable cell inventory; validation; export correspondence","outputs/tooling-capability-index.md",available
v5,mr-gwas,BIO,research,"MR/GWAS design or interpretation","dataset release; instrument table; protocol","assumption-aware analysis plan","accession/version; harmonization; effect uncertainty","outputs/tooling-capability-index.md",available
v5,public-omics,BIO,nature-data,"omics dataset audit or availability","accession; metadata; raw manifest","dataset audit; reproducibility statement","release/license; sample unit; QC/batch","outputs/tooling-capability-index.md",available
v5,exploratory-analysis,RESEARCH,research,"hypothesis-generating analysis","protocol; derived data","exploratory report; branch inventory","all tested branches; confirmation path","outputs/tooling-capability-index.md",available
v5,scrna-seq,BIO,ngs-analysis:scrna-seq-qc,"single-cell or single-nucleus RNA-seq QC","matrix; cell metadata; raw manifest","QC metrics; annotation inputs","cell/unit definition; doublets; batch; provenance","outputs/tooling-capability-index.md",available
v5,ngs,BIO,ngs-analysis:ngs-analysis-router,"FASTQ/BAM/CRAM routing","sample sheet; checksums; reference","workflow selection; QC plan","file integrity; reference; software version","outputs/tooling-capability-index.md",available
v5,atac-chip,BIO,ngs-analysis:ngs-epigenomics-peaks,"ATAC/ChIP/CUT&RUN peaks","reads; controls; reference","peak workflow; QC plan","replicates; controls; peak thresholds","outputs/tooling-capability-index.md",available
v5,variant-calling,BIO,ngs-analysis:ngs-dna-variant-calling,"germline/somatic/UMI variants","reads; sample map; reference","variant workflow; validation plan","build; caller/filter; coverage; privacy","outputs/tooling-capability-index.md",available
v5,all,OPS,zcli-tool-calling,"Zotero search or state read-back","Zotero query; item key","auditable item metadata","deduplication; no credential disclosure","outputs/tooling-capability-index.md",available
